Species,N_1_start,N_1_end,M_1_start,M_1_end,T_1_start,T_1_end,B_start,B_end,T_2_start,T_2_end,M_2_start,M_2_end,N_2_start,N_2_end
Canada Goose,1/1/16,2/23/16,NA,NA,2/24/16,5/7/16,5/8/16,8/23/16,8/24/16,9/7/16,9/8/16,11/30/16,12/1/16,12/31/16
Mute Swan,NA,NA,NA,NA,NA,NA,NA,NA,NA,NA,NA,NA,NA,NA
Wood Duck,1/1/16,2/29/16,NA,NA,3/1/16,4/30/16,5/1/16,8/14/16,8/15/16,9/7/16,9/8/16,11/14/16,11/15/16,12/31/16
Gadwall,NA,NA,NA,NA,NA,NA,NA,NA,NA,NA,NA,NA,NA,NA
American Black Duck,NA,NA,NA,NA,NA,NA,NA,NA,NA,NA,NA,NA,NA,NA
Mallard,1/1/16,1/31/16,2/1/16,3/14/16,3/15/16,4/30/16,5/1/16,8/14/16,8/15/16,9/14/16,9/15/16,11/30/16,12/1/16,12/31/16
Blue-winged Teal,NA,NA,NA,NA,NA,NA,NA,NA,NA,NA,NA,NA,NA,NA
Hooded Merganser,1/1/16,1/14/16,1/15/16,2/29/16,3/1/16,4/30/16,5/1/16,8/31/16,9/1/16,9/30/16,10/1/16,11/7/16,11/8/16,12/31/16
Common Merganser,1/1/16,1/14/16,1/15/16,2/29/16,3/1/16,4/30/16,5/1/16,8/31/16,9/1/16,9/30/16,10/1/16,11/7/16,11/8/16,12/31/16
Northern Bobwhite,1/1/16,4/23/16,NA,NA,NA,NA,4/24/16,10/23/16,NA,NA,NA,NA,10/24/16,12/31/16
Ruffed Grouse,1/1/16,3/31/16,NA,NA,NA,NA,4/1/16,9/7/16,NA,NA,NA,NA,9/8/16,12/31/16
Wild Turkey,1/1/16,4/14/16,NA,NA,NA,NA,4/15/16,9/30/16,NA,NA,NA,NA,10/1/16,12/31/16
Pied-billed Grebe,1/1/16,2/14/16,2/15/16,3/23/16,3/24/16,5/14/16,5/15/16,7/23/16,7/24/16,9/7/16,9/8/16,11/30/16,12/1/16,12/31/16
Brown Pelican,NA,NA,NA,NA,NA,NA,NA,NA,NA,NA,NA,NA,NA,NA
Double-crested Cormorant,NA,NA,NA,NA,NA,NA,NA,NA,NA,NA,NA,NA,NA,NA
American Bittern,NA,NA,NA,NA,NA,NA,NA,NA,NA,NA,NA,NA,NA,NA
Least Bittern,1/1/16,3/31/16,4/1/16,4/23/16,4/24/16,6/14/16,6/15/16,8/14/16,8/15/16,9/23/16,9/24/16,10/31/16,11/1/16,12/31/16
Great Blue Heron,1/1/16,2/7/16,2/8/16,2/29/16,3/1/16,5/7/16,5/8/16,7/7/16,7/8/16,8/31/16,9/1/16,11/30/16,12/1/16,12/31/16
Great Egret,NA,NA,NA,NA,NA,NA,NA,NA,NA,NA,NA,NA,NA,NA
Snowy Egret,NA,NA,NA,NA,NA,NA,NA,NA,NA,NA,NA,NA,NA,NA
Little Blue Heron,NA,NA,NA,NA,NA,NA,NA,NA,NA,NA,NA,NA,NA,NA
Tricolored Heron,NA,NA,NA,NA,NA,NA,NA,NA,NA,NA,NA,NA,NA,NA
Cattle Egret,NA,NA,NA,NA,NA,NA,NA,NA,NA,NA,NA,NA,NA,NA
Green Heron,1/1/16,3/14/16,3/15/16,4/14/16,4/15/16,5/31/16,6/1/16,7/31/16,8/1/16,9/14/16,9/15/16,10/31/16,11/1/16,12/31/16
Black-crowned Night-Heron,1/1/16,2/14/16,2/15/16,4/7/16,4/8/16,5/31/16,6/1/16,8/31/16,9/1/16,9/7/16,9/8/16,12/14/16,12/15/16,12/31/16
Yellow-crowned Night-Heron,1/1/16,3/14/16,3/15/16,3/31/16,4/1/16,4/23/16,4/24/16,7/31/16,8/1/16,9/7/16,9/8/16,10/31/16,11/1/16,12/31/16
White Ibis,NA,NA,NA,NA,NA,NA,NA,NA,NA,NA,NA,NA,NA,NA
Glossy Ibis,NA,NA,NA,NA,NA,NA,NA,NA,NA,NA,NA,NA,NA,NA
Black Vulture,1/1/16,2/23/16,2/24/16,2/29/16,3/1/16,4/30/16,5/1/16,7/31/16,8/1/16,8/7/16,8/8/16,10/14/16,10/15/16,12/31/16
Turkey Vulture,1/1/16,2/14/16,2/15/16,4/14/16,4/15/16,5/14/16,5/15/16,7/31/16,8/1/16,8/31/16,9/1/16,11/14/16,11/15/16,12/31/16
Osprey,1/1/16,1/31/16,NA,NA,2/1/16,5/23/16,5/24/16,7/31/16,8/1/16,9/30/16,10/1/16,11/14/16,11/15/16,12/31/16
Mississippi Kite,NA,NA,NA,NA,NA,NA,NA,NA,NA,NA,NA,NA,NA,NA
Bald Eagle,NA,NA,NA,NA,1/1/16,5/23/16,5/24/16,8/7/16,8/8/16,8/23/16,8/24/16,11/14/16,11/15/16,12/31/16
Northern Harrier,NA,NA,NA,NA,NA,NA,NA,NA,NA,NA,NA,NA,NA,NA
Sharp-shinned Hawk,NA,NA,NA,NA,NA,NA,NA,NA,NA,NA,NA,NA,NA,NA
Cooper's Hawk,1/1/16,2/29/16,3/1/16,3/31/16,4/1/16,5/23/16,5/24/16,8/23/16,8/24/16,8/31/16,9/1/16,10/31/16,11/1/16,12/31/16
Red-shouldered Hawk,1/1/16,2/14/16,2/15/16,3/23/16,3/24/16,4/7/16,4/8/16,8/31/16,9/1/16,9/30/16,10/1/16,11/7/16,11/8/16,12/31/16
Broad-winged Hawk,1/1/16,3/14/16,3/15/16,4/23/16,4/24/16,5/23/16,5/24/16,8/14/16,8/15/16,8/31/16,9/1/16,11/30/16,12/1/16,12/31/16
Red-tailed Hawk,1/1/16,2/29/16,3/1/16,3/14/16,3/15/16,4/14/16,4/15/16,8/31/16,9/1/16,9/14/16,9/15/16,11/30/16,12/1/16,12/31/16
Golden Eagle,NA,NA,NA,NA,1/1/16,5/23/16,5/24/16,8/7/16,8/8/16,8/23/16,8/24/16,11/14/16,11/15/16,12/31/16
Black Rail,NA,NA,NA,NA,NA,NA,NA,NA,NA,NA,NA,NA,NA,NA
Clapper Rail,NA,NA,NA,NA,NA,NA,NA,NA,NA,NA,NA,NA,NA,NA
King Rail,NA,NA,NA,NA,NA,NA,NA,NA,NA,NA,NA,NA,NA,NA
Virginia Rail,NA,NA,NA,NA,NA,NA,NA,NA,NA,NA,NA,NA,NA,NA
Sora,NA,NA,NA,NA,NA,NA,NA,NA,NA,NA,NA,NA,NA,NA
Common Gallinule,NA,NA,NA,NA,NA,NA,NA,NA,NA,NA,NA,NA,NA,NA
American Coot,NA,NA,NA,NA,NA,NA,NA,NA,NA,NA,NA,NA,NA,NA
Black-necked Stilt,NA,NA,NA,NA,NA,NA,NA,NA,NA,NA,NA,NA,NA,NA
American Avocet,NA,NA,NA,NA,NA,NA,NA,NA,NA,NA,NA,NA,NA,NA
American Oystercatcher,NA,NA,NA,NA,NA,NA,NA,NA,NA,NA,NA,NA,NA,NA
Wilson's Plover,NA,NA,NA,NA,NA,NA,NA,NA,NA,NA,NA,NA,NA,NA
Piping Plover,NA,NA,NA,NA,NA,NA,NA,NA,NA,NA,NA,NA,NA,NA
Killdeer,1/1/16,1/31/16,2/1/16,3/7/16,3/8/16,4/14/16,4/15/16,7/14/16,7/15/16,8/14/16,8/15/16,11/30/16,12/1/16,12/31/16
Spotted Sandpiper,1/1/16,3/14/16,3/15/16,5/14/16,5/15/16,5/31/16,6/1/16,7/31/16,8/1/16,8/14/16,8/15/16,10/14/16,10/15/16,12/31/16
Willet,NA,NA,NA,NA,NA,NA,NA,NA,NA,NA,NA,NA,NA,NA
Upland Sandpiper,1/1/16,3/14/16,3/15/16,4/23/16,4/24/16,5/31/16,6/1/16,6/30/16,7/1/16,7/14/16,7/15/16,10/14/16,10/15/16,12/31/16
American Woodcock,1/1/16,1/23/16,1/24/16,2/29/16,3/1/16,4/14/16,4/15/16,8/31/16,9/1/16,9/14/16,9/15/16,11/30/16,12/1/16,12/31/16
Laughing Gull,NA,NA,NA,NA,NA,NA,NA,NA,NA,NA,NA,NA,NA,NA
Herring Gull,NA,NA,NA,NA,NA,NA,NA,NA,NA,NA,NA,NA,NA,NA
Greater Black-backed Gull,NA,NA,NA,NA,NA,NA,NA,NA,NA,NA,NA,NA,NA,NA
Least Tern,NA,NA,NA,NA,NA,NA,NA,NA,NA,NA,NA,NA,NA,NA
Gull-billed Tern,NA,NA,NA,NA,NA,NA,NA,NA,NA,NA,NA,NA,NA,NA
Caspian Tern,NA,NA,NA,NA,NA,NA,NA,NA,NA,NA,NA,NA,NA,NA
Common Tern,NA,NA,NA,NA,NA,NA,NA,NA,NA,NA,NA,NA,NA,NA
Forster's Tern,NA,NA,NA,NA,NA,NA,NA,NA,NA,NA,NA,NA,NA,NA
Royal Tern,NA,NA,NA,NA,NA,NA,NA,NA,NA,NA,NA,NA,NA,NA
Sandwich Tern,NA,NA,NA,NA,NA,NA,NA,NA,NA,NA,NA,NA,NA,NA
Black Skimmer,NA,NA,NA,NA,NA,NA,NA,NA,NA,NA,NA,NA,NA,NA
Rock Pigeon,1/1/16,4/7/16,NA,NA,NA,NA,4/8/16,9/30/16,NA,NA,NA,NA,10/1/16,12/31/16
Mourning Dove,1/1/16,2/14/16,NA,NA,NA,NA,2/15/16,10/7/16,NA,NA,NA,NA,10/8/16,12/31/16
Eurasian Collared-Dove,1/1/16,2/29/16,NA,NA,NA,NA,3/1/16,10/31/16,NA,NA,NA,NA,11/1/16,12/31/16
Yellow-billed Cuckoo,1/1/16,3/23/16,3/24/16,4/30/16,5/1/16,5/14/16,5/15/16,9/14/16,9/15/16,10/14/16,10/15/16,11/30/16,12/1/16,12/31/16
Black-billed Cuckoo,1/1/16,4/14/16,4/15/16,5/14/16,5/15/16,6/23/16,6/24/16,8/23/16,8/24/16,10/7/16,10/8/16,10/31/16,11/1/16,12/31/16
Barn Owl,1/1/16,3/14/16,NA,NA,NA,NA,3/15/16,9/30/16,NA,NA,NA,NA,10/1/16,12/31/16
Long-eared Owl,1/1/16,2/14/16,NA,NA,2/15/16,4/14/16,4/15/16,8/31/16,NA,NA,9/1/16,11/30/16,12/1/16,12/31/16
Short-eared Owl,NA,NA,NA,NA,NA,NA,NA,NA,NA,NA,NA,NA,NA,NA
Great Horned Owl,1/1/16,1/23/16,NA,NA,NA,NA,1/24/16,8/31/16,NA,NA,NA,NA,9/1/16,12/31/16
Barred Owl,1/1/16,2/29/16,NA,NA,NA,NA,3/1/16,8/31/16,NA,NA,NA,NA,9/1/16,12/31/16
Northern Saw-whet Owl,1/1/16,2/29/16,3/1/16,3/31/16,4/1/16,5/31/16,6/1/16,8/14/16,8/15/16,8/31/16,9/1/16,11/30/16,12/1/16,12/31/16
Eastern Screech-Owl,1/1/16,3/23/16,NA,NA,NA,NA,3/24/16,8/14/16,NA,NA,NA,NA,8/15/16,12/31/16
Chuck-will's-Widow,1/1/16,4/7/16,4/8/16,5/7/16,5/8/16,5/23/16,5/24/16,7/31/16,8/1/16,8/7/16,8/8/16,9/30/16,10/1/16,12/31/16
Eastern Whip-poor-will,1/1/16,4/14/16,4/15/16,5/7/16,5/8/16,5/14/16,5/15/16,7/23/16,7/24/16,8/31/16,9/1/16,10/14/16,10/15/16,12/31/16
Common Nighthawk,1/1/16,5/7/16,5/8/16,5/23/16,5/24/16,6/7/16,6/8/16,7/14/16,7/15/16,9/14/16,9/15/16,11/30/16,12/1/16,12/31/16
Chimney Swift,1/1/16,4/14/16,4/15/16,5/7/16,5/8/16,5/14/16,5/15/16,8/7/16,8/8/16,8/23/16,8/24/16,10/14/16,10/15/16,12/31/16
Ruby-throated Hummingbird,1/1/16,2/29/16,3/1/16,4/30/16,5/1/16,5/23/16,5/24/16,8/7/16,8/8/16,8/31/16,9/1/16,11/30/16,12/1/16,12/31/16
Belted Kingfisher,1/1/16,3/7/16,3/8/16,4/7/16,4/8/16,4/23/16,4/24/16,7/31/16,8/1/16,8/31/16,9/1/16,11/14/16,11/15/16,12/31/16
Red-headed Woodpecker,1/1/16,3/14/16,3/15/16,4/30/16,5/1/16,5/31/16,6/1/16,7/14/16,7/15/16,8/23/16,8/24/16,11/7/16,11/8/16,12/31/16
Red-bellied Woodpecker,1/1/16,4/30/16,NA,NA,NA,NA,5/1/16,8/31/16,NA,NA,NA,NA,9/1/16,12/31/16
Yellow-bellied Sapsucker,1/1/16,5/7/16,NA,NA,NA,NA,5/8/16,8/31/16,NA,NA,NA,NA,9/1/16,12/31/16
Downy Woodpecker,1/1/16,3/31/16,NA,NA,NA,NA,4/1/16,8/31/16,NA,NA,NA,NA,9/1/16,12/31/16
Hairy Woodpecker,1/1/16,4/7/16,NA,NA,NA,NA,4/8/16,8/14/16,NA,NA,NA,NA,8/15/16,12/31/16
Red-cockaded Woodpecker,NA,NA,NA,NA,NA,NA,NA,NA,NA,NA,NA,NA,NA,NA
Northern Flicker,1/1/16,3/31/16,4/1/16,4/30/16,5/1/16,5/7/16,5/8/16,8/23/16,8/24/16,8/31/16,9/1/16,11/14/16,11/15/16,12/31/16
Pileated Woodpecker,1/1/16,4/23/16,NA,NA,NA,NA,4/24/16,8/14/16,NA,NA,NA,NA,8/15/16,12/31/16
American Kestrel,1/1/16,3/7/16,3/8/16,4/7/16,4/8/16,5/7/16,5/8/16,7/31/16,8/1/16,8/23/16,8/24/16,11/14/16,11/15/16,12/31/16
Peregrine Falcon,1/1/16,3/14/16,NA,NA,3/15/16,5/7/16,5/8/16,7/14/16,7/15/16,8/31/16,9/1/16,11/14/16,11/15/16,12/31/16
Monk Parakeet,1/1/16,4/14/16,NA,NA,NA,NA,4/15/16,8/31/16,NA,NA,NA,NA,9/1/16,12/31/16
Olive-sided Flycatcher,1/1/16,4/14/16,4/15/16,5/23/16,5/24/16,6/14/16,6/15/16,8/14/16,8/15/16,9/7/16,9/8/16,10/31/16,11/1/16,12/31/16
Yellow-bellied Flycatcher,1/1/16,4/14/16,4/15/16,5/23/16,5/24/16,6/14/16,6/15/16,8/14/16,8/15/16,9/7/16,9/8/16,10/31/16,11/1/16,12/31/16
Eastern Wood-Pewee,1/1/16,3/31/16,4/1/16,5/23/16,5/24/16,5/31/16,6/1/16,8/14/16,8/15/16,9/23/16,9/24/16,10/31/16,11/1/16,12/31/16
Acadian Flycatcher,1/1/16,4/14/16,4/15/16,5/14/16,5/15/16,5/31/16,6/1/16,8/14/16,8/15/16,8/23/16,8/24/16,10/31/16,11/1/16,12/31/16
Alder Flycatcher,1/1/16,4/14/16,4/15/16,5/14/16,5/15/16,5/31/16,6/1/16,8/14/16,8/15/16,8/23/16,8/24/16,10/31/16,11/1/16,12/31/16
Willow Flycatcher,1/1/16,4/30/16,5/1/16,6/7/16,6/8/16,6/14/16,6/15/16,7/31/16,8/1/16,8/31/16,9/1/16,9/30/16,10/1/16,12/31/16
Least Flycatcher,1/1/16,4/14/16,4/15/16,5/14/16,5/15/16,6/14/16,6/15/16,7/31/16,8/1/16,8/31/16,9/1/16,9/30/16,10/1/16,12/31/16
Eastern Phoebe,1/1/16,2/14/16,2/15/16,3/31/16,4/1/16,4/23/16,4/24/16,8/23/16,8/24/16,9/7/16,9/8/16,11/7/16,11/8/16,12/31/16
Great-crested Flycatcher,1/1/16,4/7/16,4/8/16,5/14/16,5/15/16,5/31/16,6/1/16,7/31/16,8/1/16,8/14/16,8/15/16,9/30/16,10/1/16,12/31/16
Eastern Kingbird,1/1/16,3/14/16,3/15/16,5/14/16,5/15/16,5/23/16,5/24/16,7/23/16,7/24/16,8/23/16,8/24/16,10/23/16,10/24/16,12/31/16
Loggerhead Shrike,1/1/16,1/23/16,2/1/16,4/14/16,4/15/16,4/23/16,4/24/16,7/31/16,8/1/16,8/31/16,9/1/16,11/14/16,11/15/16,12/31/16
White-eyed Vireo,1/1/16,2/29/16,3/1/16,4/14/16,4/15/16,5/23/16,5/24/16,8/14/16,8/15/16,8/31/16,9/1/16,10/23/16,10/24/16,12/31/16
Yellow-throated Vireo,1/1/16,4/14/16,4/15/16,4/30/16,5/1/16,5/31/16,6/1/16,8/14/16,8/15/16,9/30/16,10/1/16,10/23/16,10/24/16,12/31/16
Blue-headed Vireo,1/1/16,2/29/16,3/1/16,5/7/16,5/8/16,5/23/16,5/24/16,8/14/16,8/15/16,8/31/16,9/1/16,10/23/16,10/24/16,12/31/16
Warbling Vireo,1/1/16,3/7/16,3/8/16,5/14/16,5/15/16,5/31/16,6/1/16,8/7/16,8/8/16,8/23/16,8/24/16,9/30/16,10/1/16,12/31/16
Red-eyed Vireo,1/1/16,4/7/16,4/8/16,5/14/16,5/15/16,6/7/16,6/8/16,7/31/16,8/1/16,9/7/16,9/8/16,10/23/16,10/24/16,12/31/16
Blue Jay,1/1/16,4/14/16,NA,NA,4/15/16,5/23/16,5/24/16,8/14/16,8/15/16,9/7/16,9/8/16,10/23/16,10/24/16,12/31/16
American Crow,1/1/16,2/14/16,2/15/16,3/14/16,3/15/16,4/30/16,5/1/16,9/7/16,9/8/16,9/14/16,9/15/16,11/30/16,12/1/16,12/31/16
Fish Crow,1/1/16,2/14/16,2/15/16,4/14/16,4/15/16,4/30/16,5/1/16,8/14/16,8/15/16,9/30/16,10/1/16,12/14/16,12/15/16,12/31/16
Common Raven,1/1/16,2/23/16,NA,NA,NA,NA,2/24/16,7/31/16,NA,NA,NA,NA,8/1/16,12/31/16
Horned Lark,1/1/16,2/14/16,2/15/16,3/14/16,3/15/16,4/14/16,4/15/16,9/7/16,9/8/16,9/14/16,9/15/16,11/14/16,11/15/16,12/31/16
Purple Martin,1/1/16,1/31/16,2/1/16,4/23/16,4/24/16,5/23/16,5/24/16,7/7/16,7/8/16,8/14/16,8/15/16,11/14/16,11/15/16,12/31/16
Tree Swallow,1/1/16,2/29/16,3/1/16,4/14/16,4/15/16,5/14/16,5/15/16,6/30/16,7/1/16,8/14/16,8/15/16,9/14/16,9/15/16,12/31/16
Northern Rough-winged Swallow,1/1/16,3/14/16,3/15/16,4/30/16,5/1/16,5/14/16,5/15/16,6/30/16,7/1/16,7/31/16,8/1/16,11/14/16,11/15/16,12/31/16
Bank Swallow,1/1/16,3/14/16,3/15/16,5/7/16,5/8/16,5/23/16,5/24/16,6/30/16,7/1/16,8/7/16,8/8/16,10/23/16,10/24/16,12/31/16
Cliff Swallow,1/1/16,3/23/16,3/24/16,4/23/16,4/24/16,5/31/16,6/1/16,6/30/16,7/1/16,8/14/16,8/15/16,10/23/16,10/24/16,12/31/16
Barn Swallow,1/1/16,2/29/16,3/1/16,4/23/16,4/24/16,5/14/16,5/15/16,7/31/16,8/1/16,8/31/16,9/1/16,12/7/16,12/8/16,12/31/16
Carolina Chickadee,1/1/16,3/31/16,NA,NA,NA,NA,4/1/16,8/31/16,NA,NA,NA,NA,9/1/16,12/31/16
Black-capped Chickadee,1/1/16,4/30/16,NA,NA,NA,NA,5/1/16,8/14/16,NA,NA,NA,NA,8/15/16,12/31/16
Tufted Titmouse,1/1/16,4/7/16,NA,NA,NA,NA,4/8/16,8/14/16,NA,NA,NA,NA,8/15/16,12/31/16
Red-breased Nuthatch,1/1/16,4/7/16,NA,NA,NA,NA,4/8/16,8/14/16,NA,NA,NA,NA,8/15/16,12/31/16
White-breasted Nuthatch,1/1/16,3/23/16,NA,NA,NA,NA,3/24/16,8/7/16,NA,NA,NA,NA,8/8/16,12/31/16
Brown-headed Nuthatch,NA,NA,NA,NA,NA,NA,NA,NA,NA,NA,NA,NA,NA,NA
Brown Creeper,1/1/16,3/14/16,3/15/16,4/30/16,5/1/16,5/14/16,5/15/16,8/14/16,8/15/16,9/7/16,9/8/16,11/14/16,11/15/16,12/31/16
House Wren,1/1/16,3/31/16,4/1/16,4/30/16,5/1/16,5/14/16,5/15/16,8/23/16,8/24/16,9/14/16,9/15/16,11/14/16,11/15/16,12/31/16
Sedge Wren,1/1/16,4/14/16,NA,NA,NA,NA,4/15/16,9/7/16,NA,NA,NA,NA,9/8/16,12/31/16
Marsh Wren,NA,NA,NA,NA,NA,NA,NA,NA,NA,NA,NA,NA,NA,NA
Winter Wren,1/1/16,3/31/16,4/1/16,4/30/16,5/1/16,5/14/16,5/15/16,8/31/16,9/1/16,9/30/16,10/1/16,11/14/16,11/15/16,12/31/16
Carolina Wren,1/1/16,3/14/16,NA,NA,NA,NA,3/15/16,9/30/16,NA,NA,NA,NA,10/1/16,12/31/16
Bewick's Wren,1/1/16,4/14/16,NA,NA,NA,NA,4/15/16,9/14/16,NA,NA,NA,NA,9/15/16,12/31/16
Blue-gray Gnatcatcher,1/1/16,2/23/16,2/24/16,4/7/16,4/8/16,5/7/16,5/8/16,8/7/16,8/8/16,8/31/16,9/1/16,12/14/16,12/15/16,12/31/16
Golden-crowned Kinglet,1/1/16,3/7/16,3/8/16,4/14/16,4/15/16,5/7/16,5/8/16,8/31/16,9/1/16,9/23/16,9/24/16,11/14/16,11/15/16,12/31/16
Eastern Bluebird,1/1/16,2/29/16,3/1/16,3/14/16,3/15/16,4/30/16,5/1/16,8/31/16,9/1/16,10/7/16,10/8/16,11/14/16,11/15/16,12/31/16
Veery,1/1/16,2/29/16,3/1/16,4/30/16,5/1/16,5/23/16,5/24/16,8/7/16,8/8/16,8/31/16,9/1/16,10/31/16,11/1/16,12/31/16
Hermit Thrush,1/1/16,2/29/16,3/1/16,4/30/16,5/1/16,5/31/16,6/1/16,8/7/16,8/8/16,8/31/16,9/1/16,10/31/16,11/1/16,12/31/16
Wood Thrush,1/1/16,3/23/16,3/24/16,5/7/16,5/8/16,5/23/16,5/24/16,8/23/16,8/24/16,9/14/16,9/15/16,10/23/16,10/24/16,12/31/16
American Robin,1/1/16,1/31/16,2/1/16,3/31/16,4/1/16,4/30/16,5/1/16,8/31/16,9/1/16,9/7/16,9/8/16,12/14/16,12/15/16,12/31/16
Gray Catbird,1/1/16,3/14/16,3/15/16,4/30/16,5/1/16,5/31/16,6/1/16,8/31/16,9/1/16,9/30/16,10/1/16,11/14/16,11/15/16,12/31/16
Brown Thrasher,1/1/16,2/23/16,2/24/16,4/14/16,4/15/16,5/23/16,5/24/16,8/14/16,8/15/16,8/31/16,9/1/16,11/30/16,12/1/16,12/31/16
Northern Mockingbird,1/1/16,4/7/16,NA,NA,NA,NA,4/8/16,8/14/16,NA,NA,NA,NA,8/15/16,12/31/16
European Starling,1/1/16,2/14/16,2/15/16,3/31/16,4/1/16,4/14/16,4/15/16,9/7/16,9/8/16,9/30/16,10/1/16,11/30/16,12/1/16,12/31/16
Cedar Waxwing,1/1/16,3/14/16,3/15/16,5/31/16,6/1/16,6/14/16,6/15/16,8/7/16,8/8/16,9/23/16,9/24/16,11/14/16,11/15/16,12/31/16
Ovenbird,1/1/16,4/7/16,4/8/16,4/30/16,5/1/16,5/23/16,5/24/16,7/14/16,7/15/16,8/7/16,8/8/16,10/14/16,10/15/16,12/31/16
Worm-eating Warbler,1/1/16,2/29/16,3/1/16,5/14/16,5/15/16,5/23/16,5/24/16,7/23/16,7/24/16,8/14/16,8/15/16,9/30/16,10/1/16,12/31/16
Louisiana Waterthrush,1/1/16,2/14/16,2/15/16,4/14/16,4/15/16,4/30/16,5/1/16,7/14/16,7/15/16,8/7/16,8/8/16,10/31/16,11/1/16,12/31/16
Golden-winged Warbler,1/1/16,3/7/16,3/8/16,4/23/16,4/24/16,5/31/16,6/1/16,7/31/16,8/1/16,8/14/16,8/15/16,10/14/16,10/15/16,12/31/16
Brewster's Warbler,1/1/16,3/7/16,3/8/16,4/23/16,4/24/16,5/31/16,6/1/16,7/31/16,8/1/16,8/14/16,8/15/16,10/14/16,10/15/16,12/31/16
Lawrence's Warbler,1/1/16,3/7/16,3/8/16,4/23/16,4/24/16,5/31/16,6/1/16,7/31/16,8/1/16,8/14/16,8/15/16,10/14/16,10/15/16,12/31/16
Blue-winged Warbler,1/1/16,3/23/16,3/24/16,5/14/16,5/15/16,5/31/16,6/1/16,7/23/16,7/24/16,8/14/16,8/15/16,10/14/16,10/15/16,12/31/16
Black and White Warbler,1/1/16,3/14/16,3/15/16,4/14/16,4/15/16,5/14/16,5/15/16,7/23/16,7/24/16,8/7/16,8/8/16,10/14/16,10/15/16,12/31/16
Prothonotary Warbler,1/1/16,2/14/16,2/15/16,5/14/16,5/15/16,5/23/16,5/24/16,7/23/16,7/24/16,8/31/16,9/1/16,10/31/16,11/1/16,12/31/16
Swainson's Warbler,1/1/16,4/7/16,4/8/16,4/30/16,5/1/16,5/14/16,5/15/16,8/7/16,11/15/16,11/23/16,9/1/16,11/14/16,11/24/16,12/31/16
Nashville Warbler,1/1/16,3/7/16,3/8/16,5/23/16,5/24/16,5/31/16,6/1/16,7/31/16,8/1/16,9/7/16,9/8/16,10/31/16,11/1/16,12/31/16
Mourning Warbler,1/1/16,3/14/16,3/15/16,5/31/16,6/1/16,6/14/16,6/15/16,8/14/16,8/15/16,9/7/16,9/8/16,11/14/16,11/15/16,12/31/16
Kentucky Warbler,1/1/16,4/14/16,4/15/16,5/7/16,5/8/16,5/23/16,5/24/16,7/14/16,7/15/16,8/23/16,8/24/16,10/14/16,10/15/16,12/31/16
Common Yellowthroat,1/1/16,4/14/16,4/15/16,4/30/16,5/1/16,5/31/16,6/1/16,8/7/16,8/8/16,8/23/16,8/24/16,10/31/16,11/1/16,12/31/16
Hooded Warbler,1/1/16,3/31/16,4/1/16,4/30/16,5/1/16,5/31/16,6/1/16,7/23/16,7/24/16,8/7/16,8/8/16,10/14/16,10/15/16,12/31/16
American Redstart,1/1/16,3/23/16,3/24/16,5/7/16,5/8/16,6/14/16,6/15/16,7/23/16,7/24/16,8/7/16,8/8/16,10/31/16,11/1/16,12/31/16
Cerulean Warbler,1/1/16,4/14/16,4/15/16,5/7/16,5/8/16,5/23/16,5/24/16,8/7/16,8/8/16,8/14/16,8/15/16,9/23/16,9/24/16,12/31/16
Northern Parula,1/1/16,3/7/16,3/8/16,5/7/16,5/8/16,5/31/16,6/1/16,7/31/16,8/1/16,8/14/16,8/15/16,10/31/16,11/1/16,12/31/16
Magnolia Warbler,1/1/16,4/23/16,4/24/16,5/23/16,5/24/16,6/14/16,6/15/16,8/14/16,8/15/16,9/7/16,9/8/16,10/23/16,10/24/16,12/31/16
Blackburnian Warbler,1/1/16,4/14/16,4/15/16,5/23/16,5/24/16,6/7/16,6/8/16,7/31/16,8/1/16,8/14/16,8/15/16,10/31/16,11/1/16,12/31/16
Yellow Warbler,1/1/16,3/31/16,4/1/16,4/30/16,5/1/16,5/31/16,6/1/16,7/14/16,7/15/16,7/31/16,8/1/16,10/7/16,10/8/16,12/31/16
Chestnut-sided Warbler,1/1/16,3/31/16,4/1/16,5/14/16,5/15/16,6/14/16,6/15/16,8/14/16,8/15/16,8/31/16,9/1/16,10/14/16,10/15/16,12/31/16
Black-throated Blue Warbler,1/1/16,3/14/16,3/15/16,5/7/16,5/8/16,5/23/16,5/24/16,8/23/16,8/24/16,8/31/16,9/1/16,10/31/16,11/1/16,12/31/16
Pine Warbler,1/1/16,2/29/16,3/1/16,4/14/16,4/15/16,5/14/16,5/15/16,8/7/16,8/8/16,8/14/16,8/15/16,11/30/16,12/1/16,12/31/16
Yellow-rumped Warbler,1/1/16,3/31/16,4/1/16,5/7/16,5/8/16,5/31/16,6/1/16,8/23/16,8/24/16,9/7/16,9/8/16,11/7/16,11/8/16,12/31/16
Yellow-throated Warbler,1/1/16,3/14/16,3/15/16,5/7/16,5/8/16,5/31/16,6/1/16,7/14/16,7/15/16,7/31/16,8/1/16,9/30/16,10/1/16,12/31/16
Prairie Warbler,1/1/16,2/29/16,3/1/16,4/23/16,4/24/16,5/31/16,6/1/16,8/14/16,8/15/16,8/23/16,8/24/16,10/14/16,10/15/16,12/31/16
Black-throated Green Warbler,1/1/16,3/31/16,4/1/16,5/23/16,5/24/16,6/7/16,6/8/16,7/31/16,8/1/16,8/31/16,9/1/16,10/31/16,11/1/16,12/31/16
Wayne's Warbler,NA,NA,NA,NA,NA,NA,NA,NA,NA,NA,NA,NA,NA,NA
Canada Warbler,1/1/16,4/14/16,4/15/16,5/14/16,5/15/16,5/31/16,6/1/16,7/14/16,7/15/16,8/23/16,8/24/16,10/14/16,10/15/16,12/31/16
Yellow-breasted Chat,1/1/16,4/14/16,4/15/16,5/7/16,5/8/16,5/31/16,6/1/16,8/7/16,8/8/16,9/7/16,9/8/16,9/30/16,10/1/16,12/31/16
Eastern Towhee,1/1/16,4/7/16,4/8/16,4/23/16,4/24/16,5/23/16,5/24/16,8/31/16,9/1/16,10/7/16,10/8/16,11/23/16,11/24/16,12/31/16
Bachman's sparrow,1/1/16,3/14/16,3/15/16,4/30/16,5/1/16,5/31/16,6/1/16,8/7/16,8/8/16,8/31/16,9/1/16,11/23/16,11/24/16,12/31/16
Chipping Sparrow,1/1/16,2/14/16,2/15/16,4/14/16,4/15/16,4/30/16,5/1/16,8/31/16,9/1/16,9/30/16,10/1/16,11/23/16,11/24/16,12/31/16
Field Sparrow,1/1/16,3/31/16,4/1/16,4/14/16,4/15/16,4/30/16,5/1/16,8/31/16,9/1/16,9/14/16,9/15/16,10/31/16,11/1/16,12/31/16
Grasshopper Sparrow,1/1/16,4/14/16,4/15/16,5/14/16,5/15/16,5/31/16,6/1/16,8/31/16,9/1/16,9/30/16,10/1/16,10/31/16,11/1/16,12/31/16
Henslow's Sparrow,NA,NA,NA,NA,NA,NA,NA,NA,NA,NA,NA,NA,NA,NA
Saltmarsh Sparrow,NA,NA,NA,NA,NA,NA,NA,NA,NA,NA,NA,NA,NA,NA
Seaside Sparrow,NA,NA,NA,NA,NA,NA,NA,NA,NA,NA,NA,NA,NA,NA
Vesper Sparrow,1/1/16,2/23/16,2/24/16,4/30/16,5/1/16,5/14/16,5/15/16,8/31/16,9/1/16,9/14/16,9/15/16,10/31/16,11/1/16,12/31/16
Savannah Sparrow,1/1/16,3/14/16,3/15/16,4/14/16,4/15/16,5/31/16,6/1/16,8/14/16,8/15/16,9/14/16,9/15/16,11/14/16,11/15/16,12/31/16
Song Sparrow,1/1/16,2/23/16,2/24/16,3/31/16,4/1/16,4/30/16,5/1/16,9/7/16,9/8/16,9/23/16,9/24/16,10/31/16,11/1/16,12/31/16
Swamp Sparrow,1/1/16,3/23/16,3/24/16,4/30/16,5/1/16,5/14/16,5/15/16,8/31/16,9/1/16,9/30/16,10/1/16,11/14/16,11/15/16,12/31/16
Dark-eyed Junco,1/1/16,2/14/16,2/15/16,3/14/16,3/15/16,4/14/16,4/15/16,8/23/16,8/24/16,9/14/16,9/15/16,11/14/16,11/15/16,12/31/16
Summer Tanager,1/1/16,2/14/16,2/15/16,5/14/16,5/15/16,5/31/16,6/1/16,8/14/16,8/15/16,9/7/16,9/8/16,11/23/16,11/24/16,12/31/16
Scarlet Tanager,1/1/16,2/14/16,2/15/16,5/7/16,5/8/16,5/23/16,5/24/16,8/14/16,11/15/16,11/23/16,9/15/16,11/14/16,11/24/16,12/31/16
Northern Cardinal,1/1/16,3/31/16,NA,NA,NA,NA,4/1/16,9/30/16,NA,NA,NA,NA,10/1/16,12/31/16
Rose-breasted Grosbeak,1/1/16,3/14/16,3/15/16,5/23/16,5/24/16,6/14/16,6/15/16,8/14/16,8/15/16,8/31/16,9/1/16,10/31/16,11/1/16,12/31/16
Blue Grosbeak,1/1/16,4/14/16,4/15/16,5/14/16,5/15/16,6/14/16,6/15/16,8/14/16,8/15/16,9/7/16,9/8/16,11/14/16,11/15/16,12/31/16
Indigo Bunting,1/1/16,4/14/16,4/15/16,5/7/16,5/8/16,5/31/16,6/1/16,8/31/16,9/1/16,9/30/16,10/1/16,11/23/16,11/24/16,12/31/16
Dickcissel,1/1/16,3/14/16,3/15/16,5/14/16,5/15/16,5/31/16,6/1/16,8/14/16,8/15/16,9/7/16,9/8/16,11/30/16,12/1/16,12/31/16
Bobolink,1/1/16,3/14/16,3/15/16,5/14/16,5/15/16,6/14/16,6/15/16,7/14/16,7/15/16,8/14/16,8/15/16,12/14/16,12/15/16,12/31/16
Red-winged Blackbird,1/1/16,2/14/16,2/15/16,4/14/16,4/15/16,4/30/16,5/1/16,8/14/16,8/15/16,10/14/16,10/15/16,12/14/16,12/15/16,12/31/16
Eastern Meadowlark,1/1/16,2/14/16,2/15/16,4/14/16,4/15/16,4/30/16,5/1/16,9/7/16,9/8/16,9/30/16,10/1/16,11/30/16,12/1/16,12/31/16
Common Grackle,1/1/16,2/14/16,2/15/16,3/23/16,3/24/16,4/30/16,5/1/16,7/14/16,7/15/16,9/14/16,9/15/16,11/23/16,11/24/16,12/31/16
Boat-tailed Grackle,NA,NA,NA,NA,NA,NA,NA,NA,NA,NA,NA,NA,NA,NA
Brown-headed Cowbird,1/1/16,4/14/16,NA,NA,4/15/16,5/14/16,5/15/16,7/23/16,7/24/16,8/14/16,8/15/16,10/14/16,10/15/16,12/31/16
Orchard Oriole,1/1/16,2/29/16,3/1/16,5/14/16,5/15/16,5/31/16,6/1/16,7/14/16,7/15/16,8/31/16,9/1/16,11/14/16,11/15/16,12/31/16
Baltimore Oriole,1/1/16,3/31/16,4/1/16,5/14/16,5/15/16,5/31/16,6/1/16,7/14/16,7/15/16,8/7/16,8/8/16,10/31/16,11/1/16,12/31/16
House Finch,1/1/16,3/14/16,NA,NA,NA,NA,3/15/16,8/7/16,NA,NA,NA,NA,8/8/16,12/31/16
Red Crossbill,NA,NA,NA,NA,NA,NA,NA,NA,NA,NA,NA,NA,NA,NA
American Goldfinch,1/1/16,4/30/16,5/1/16,6/7/16,6/8/16,6/14/16,6/15/16,9/14/16,9/15/16,10/23/16,10/24/16,12/14/16,12/15/16,12/31/16
House Sparrow,1/1/16,3/31/16,NA,NA,NA,NA,4/1/16,9/30/16,NA,NA,NA,NA,10/1/16,12/31/16